{"loss": [0.1961919665336609, 0.12623462080955505, 0.09834382683038712, 0.08155093342065811, 0.0708831250667572, 0.06393161416053772, 0.059296853840351105, 0.055873993784189224, 0.052712369710206985, 0.050871092826128006, 0.049042362719774246, 0.047406185418367386, 0.045937057584524155, 0.0449766144156456, 0.04391441121697426, 0.04305626451969147, 0.042052846401929855, 0.04119620472192764, 0.0404290035367012, 0.03970450535416603], "val_loss": [0.14793206751346588, 0.10769045352935791, 0.08976054191589355, 0.07287652790546417, 0.06548161804676056, 0.0620010681450367, 0.0546962209045887, 0.05645757541060448, 0.05456876382231712, 0.049890853464603424, 0.049928754568099976, 0.047069355845451355, 0.04588010534644127, 0.04667944833636284, 0.04656179994344711, 0.04294662922620773, 0.04297395795583725, 0.043700527399778366, 0.03965246304869652, 0.03943125903606415]}